,file_path,date,time,label,segment,skew_d_0,kur_d_0,skew_s_0,kur_s_0,skew_d_1,kur_d_1,skew_s_1,kur_s_1,skew_d_2,kur_d_2,skew_s_2,kur_s_2,skew_d_3,kur_d_3,skew_s_3,kur_s_3,skew_d_4,kur_d_4,skew_s_4,kur_s_4,skew_d_5,kur_d_5,skew_s_5,kur_s_5,skew_d_6,kur_d_6,skew_s_6,kur_s_6,skew_d_7,kur_d_7,skew_s_7,kur_s_7,skew_d_8,kur_d_8,skew_s_8,kur_s_8,skew_d_9,kur_d_9,skew_s_9,kur_s_9,skew_d_10,kur_d_10,skew_s_10,kur_s_10,skew_d_11,kur_d_11,skew_s_11,kur_s_11,skew_d_12,kur_d_12,skew_s_12,kur_s_12,skew_d_13,kur_d_13,skew_s_13,kur_s_13,skew_d_14,kur_d_14,skew_s_14,kur_s_14
0,./dataset_resized/leak/real_augment/QNL_2019.05.17_1_v_0,2019.05.17,11:42:43,leak,1VA_3VA,-0.080111693,-0.454867725,-0.01869138,-1.018704939,0.578954668,3.344503568,-0.009377785,-0.689702779,-0.142959256,2.306114098,-0.004131297,-0.537545388,-1.073472053,21.82459725,0.006205211,0.681946397,-7.637593153,59.79515564,1.552398509,13.07410677,0.028832934,-0.043070673,0.25535471,6.190358196,4.937795913,26.72064545,-1.377875067,16.94925894,-0.075011687,-0.446919645,-5.739126182,33.70986998,-2.665693141,7.618360997,1.960908109,5.456609009,-0.02097248,-1.005063628,0.032443276,-1.397779881,0.063329557,-1.501589807,0,0,0,0,0,0,0,0,0,0,0,0,0,0,0,0,0,0
1,./dataset_resized/leak/real_augment/QNL_2019.05.17_1_v_1,2019.05.17,11:42:43,leak,1VA_3VA,-0.079797661,-0.447490501,-0.019345899,-1.015437254,0.581159137,3.357987503,-0.010374777,-0.692458973,-0.143339252,2.336484064,-0.007073609,-0.544961348,-1.386465594,22.12285631,0.010585312,0.716819375,-7.664387656,60.24944935,1.564343545,13.11345721,2.175002961,8.852169246,0.266601874,6.119603696,0.014749968,-0.030230765,-1.611518893,20.56818353,0.111346075,-0.498344621,-5.61892667,31.93133919,-1.672622956,3.753548068,2.564899433,7.408501087,0.065252479,-1.467512392,0.016103409,-1.323390916,0,0,0,0,0,0,0,0,0,0,0,0,0,0,0,0,0,0,0,0
2,./dataset_resized/leak/real_augment/QNL_2019.05.17_1_v_2,2019.05.17,11:42:43,leak,1VA_3VA,-0.080192069,-0.454516323,-0.022591964,-0.989395155,0.582008645,3.376708099,-0.006532502,-0.697105068,-0.154452156,2.054859158,-0.044501031,-0.328601991,-2.59507836,26.3657785,0.065961527,1.661577493,-7.606442852,59.31485095,-6.63411854,44.02537319,3.701783513,18.24437435,0.881053541,2.527270722,-0.043067857,0.142554234,-0.140024172,0.480351307,0.216658474,0.064392457,-0.15053254,0.193570602,-2.444219212,7.00509643,-0.143520608,-0.379224593,0.112187288,-1.411922595,-0.129745271,-1.238418029,0,0,0,0,0,0,0,0,0,0,0,0,0,0,0,0,0,0,0,0
3,./dataset_resized/leak/real_augment/QNL_2019.05.17_1_v_3,2019.05.17,11:42:43,leak,1VA_3VA,-0.079312618,-0.450187934,-0.022519776,-0.98902897,0.578967894,3.345278449,-0.006584319,-0.699041299,-0.130352486,3.284082102,-0.044554368,-0.32916084,1.508315845,25.33451507,0.066104899,1.658328625,-7.630483663,59.46119259,-6.633554308,44.02031298,-0.042655428,-0.817410971,0.878575104,2.527918351,4.775933484,25.57558591,-0.127434569,0.458776094,-0.27960803,0.158928472,-0.140324314,0.162001629,-2.986553004,8.691862537,-0.085983952,-0.575818663,0.165740256,-1.477524539,-0.113243411,-1.257017397,0,0,0,0,0,0,0,0,0,0,0,0,0,0,0,0,0,0,0,0
4,./dataset_resized/leak/real_augment/QNL_2019.05.17_1_v_4,2019.05.17,11:42:43,leak,1VA_3VA,-0.044230697,-0.434427441,-0.021291307,-0.992728797,0.412556675,2.566280756,-0.005814752,-0.700779567,-0.344740379,1.783536971,-0.043109624,-0.318082882,1.419190061,32.83102895,0.066393797,1.684585562,-7.841991401,62.63903612,-6.635988991,44.04224543,-0.015592849,-0.1506714,-0.036947464,0.352561471,3.684513465,18.97911692,0.190493728,0.000740236,-0.079129289,-0.381774945,-0.040653263,0.080135772,-0.808812382,1.541702618,-0.875172654,0.981896494,-0.040834199,-1.436667685,0.005459236,-1.413029271,0,0,0,0,0,0,0,0,0,0,0,0,0,0,0,0,0,0,0,0
5,./dataset_resized/leak/real_augment/QNL_2019.05.17_1_v_5,2019.05.17,11:42:43,leak,1VA_3VA,-0.043775813,-0.432975902,-0.020182679,-0.996683911,0.413997475,2.582767927,-0.007750893,-0.701419588,-0.348929393,1.818327171,-0.041242031,-0.340626646,0.988830215,31.24670944,0.069723445,1.681085657,-7.839421534,62.60325204,-6.63979862,44.07637407,-0.050242409,-0.194649262,0.94851812,2.948665085,3.787896613,19.49373865,-0.061018447,-0.378992477,-2.62060056,7.791236604,0.107240369,-1.004149175,0.175553268,0.005854561,0.022277162,-1.205501869,0.077594131,-1.508534455,-0.076709034,-1.293627785,0,0,0,0,0,0,0,0,0,0,0,0,0,0,0,0,0,0,0,0
6,./dataset_resized/leak/real_augment/QNL_2019.05.17_1_v_6,2019.05.17,11:42:43,leak,1VA_3VA,-0.06866197,-0.44515936,-0.024679322,-0.989425684,0.581283806,3.346931415,-0.005700399,-0.715063454,-0.076632759,-0.326247035,-0.043651373,-0.341646577,3.551693589,47.61552845,0.082966885,1.768166592,-2.514016207,31.2539936,-6.627573062,43.96716882,-7.102270513,51.57875797,0.00897676,0.056528928,4.825442749,23.38230058,-0.342987677,1.313258256,0.624363423,0.921889449,-0.112520616,-0.340422129,-0.332397975,-0.164724813,0.025043376,-0.814024994,-2.964822381,8.713204708,-0.062948465,-1.317969894,0.096236416,-1.461420662,0,0,0,0,0,0,0,0,0,0,0,0,0,0,0,0,0,0
7,./dataset_resized/leak/real_augment/QNL_2019.05.17_1_v_7,2019.05.17,11:42:43,leak,1VA_3VA,-0.044920735,-0.428541594,-0.023755635,-0.991295156,0.585721467,3.413078866,-0.00833736,-0.709996542,-0.063673166,-0.378238669,-0.04602651,-0.324180957,3.732523639,50.47617751,0.073825838,1.690223043,-3.670303021,36.40608239,-6.626445426,43.95398987,-7.60506062,59.40743405,-0.023120571,-0.017364732,3.974524971,18.01543655,-0.312294745,1.261844694,-0.054285528,-0.57987688,-0.093984067,-0.336452518,-0.042678231,-0.692329279,-0.040996627,-1.344201851,-0.051390558,-1.263788274,0,0,0,0,0,0,0,0,0,0,0,0,0,0,0,0,0,0,0,0,0,0
8,./dataset_resized/leak/real_augment/QNL_2019.05.17_1_v_8,2019.05.17,11:42:43,leak,1VA_3VA,-0.046390932,-0.429798728,-0.111805373,-0.807302511,0.416192958,2.577462628,-0.005973954,-0.670709059,0.009483076,-0.011752363,0.012131115,-0.588457054,3.774398314,50.51741613,-0.055013775,0.279499562,-3.972900821,34.95638944,6.721382346,58.99674762,-7.684678385,60.77746936,-7.365545604,55.42124265,2.868914496,11.54065865,0.016801324,-0.303445641,-2.248573537,6.279130975,-0.0833951,-0.848598561,0.13560259,0.656965544,-0.006058278,-1.33696575,0.08763403,-1.392943932,0,0,0,0,0,0,0,0,0,0,0,0,0,0,0,0,0,0,0,0,0,0
9,./dataset_resized/leak/real_augment/QNL_2019.05.17_1_v_9,2019.05.17,11:42:43,leak,1VA_3VA,-0.044646975,-0.432259396,-0.113456134,-0.800410958,0.582807739,3.367317296,-0.009857004,-0.685566337,-0.077421497,-0.324165612,0.011883592,-0.576932376,3.711885991,49.77286157,-0.054893656,0.337972916,-3.498351545,32.72753625,6.627353346,57.91287035,-7.64729515,60.08766085,-7.334410457,55.00052027,3.809898052,17.45169108,1.906699142,7.176123552,0.12123646,-0.667843287,0.011908332,-0.746802513,0.018789137,-1.262408592,-0.013467904,-1.351160622,0,0,0,0,0,0,0,0,0,0,0,0,0,0,0,0,0,0,0,0,0,0,0,0
10,./dataset_resized/leak/real_augment/QNL_2019.05.17_1_h_0,2019.05.17,11:42:43,leak,1VA_3VA,-1.43083315,3.652900196,-0.596305094,1.49847204,0.293827876,0.072505427,-0.05288242,-1.071325221,0.324033706,3.403779668,-0.246002729,-0.332757357,-0.123336788,0.183754867,0.083212928,-0.488458107,-0.643005182,0.763971989,0.199767372,0.376981518,-1.632856926,1.106652067,-1.134379426,0.88882885,-0.229060316,-1.234921388,-0.83848025,-0.882912906,0,0,0,0,0,0,0,0,0,0,0,0,0,0,0,0,0,0,0,0,0,0,0,0,0,0,0,0,0,0,0,0
11,./dataset_resized/leak/real_augment/QNL_2019.05.17_1_h_1,2019.05.17,11:42:43,leak,1VA_3VA,-0.960337998,2.573383465,-0.726897325,1.591181487,0.517127865,1.002270504,-0.032023916,-1.099932538,0.23358564,3.894191792,0.165014096,0.66408183,0.032955901,-0.543649166,0.072517089,1.058283176,-0.57588606,0.855334742,1.45640498,3.199214751,-1.379779416,0.33449877,-0.480053016,-0.312711389,-0.261640555,-1.075327493,-1.857441135,1.94859514,0,0,0,0,0,0,0,0,0,0,0,0,0,0,0,0,0,0,0,0,0,0,0,0,0,0,0,0,0,0,0,0
12,./dataset_resized/leak/real_augment/QNL_2019.05.17_1_h_2,2019.05.17,11:42:43,leak,1VA_3VA,-1.118982716,2.208913532,-0.619739989,1.688362501,-0.383845996,0.472079972,-0.019159625,-1.11003178,0.312655867,2.383353783,-0.087412709,-0.377292389,0.31977931,0.853664581,0.112990992,0.800957989,-0.425237,1.225923667,1.07902001,3.082126277,-1.620738324,1.108982457,-0.141612895,-0.178500837,-0.333394637,-1.385160216,-1.662173713,1.297267595,0.061613398,-1.453939092,0,0,0,0,0,0,0,0,0,0,0,0,0,0,0,0,0,0,0,0,0,0,0,0,0,0,0,0,0,0
13,./dataset_resized/leak/real_augment/QNL_2019.05.17_1_h_3,2019.05.17,11:42:43,leak,1VA_3VA,-3.323698174,16.24186641,-0.892483413,4.181075128,3.675741232,20.1925032,0.197610203,0.369542245,0.392632491,1.502699896,0.170295813,0.840481941,-0.079604337,0.564460388,0.059772374,-0.553004538,-0.295422436,0.946780527,1.622678024,4.064750544,-2.02364449,2.627786591,-0.337254661,1.155383749,-0.010336008,-1.404941648,-1.733968238,1.559716036,0.223527446,-1.216987783,0,0,0,0,0,0,0,0,0,0,0,0,0,0,0,0,0,0,0,0,0,0,0,0,0,0,0,0,0,0
14,./dataset_resized/leak/real_augment/QNL_2019.05.17_1_h_4,2019.05.17,11:42:43,leak,1VA_3VA,0.382770571,1.397426782,-0.569279149,1.459269805,-0.456990461,1.704983171,-0.06134119,-0.983968568,0.108069494,-0.399193891,-0.677032744,0.857036082,0.057916863,3.92546701,0.251177019,3.207510973,-2.475388352,4.459032815,0.030865062,1.369069406,1.404683576,2.257260881,0.123340255,-0.61575092,0.005203471,-0.649167658,0.141916179,-0.411405745,-0.064986871,-1.558495395,-1.605563872,1.18419413,0,0,0,0,0,0,0,0,0,0,0,0,0,0,0,0,0,0,0,0,0,0,0,0,0,0,0,0
15,./dataset_resized/leak/real_augment/QNL_2019.05.17_1_h_5,2019.05.17,11:42:43,leak,1VA_3VA,-1.259469354,2.333918765,-0.328366266,8.770301252,-0.006511918,-0.373893192,-0.045416986,-1.158347061,-0.036727481,-0.611675532,0.207813831,2.815999629,-0.35810227,3.320101045,-2.276891827,9.956957805,-1.132762993,3.209116795,1.233592449,2.564939557,-2.703305076,6.016184927,-0.780937059,3.239938293,0.070393587,-1.432658902,-2.533844313,5.044492566,0,0,0.692205809,-1.157644385,0,0,0,0,0,0,0,0,0,0,0,0,0,0,0,0,0,0,0,0,0,0,0,0,0,0,0,0
16,./dataset_resized/leak/real_augment/QNL_2019.05.17_1_h_6,2019.05.17,11:42:43,leak,1VA_3VA,-0.797627507,2.274397076,-0.117618066,0.66544234,0.069652704,-0.517026973,-0.024594444,-1.09072985,0.180373316,3.710691728,0.296648667,1.963694666,-3.072937122,7.865120626,0.049437761,0.939191486,-0.544925929,-0.028867746,1.12213136,4.347317361,-0.692594389,0.340318907,-0.640926993,3.08542791,-0.196539158,-0.707319686,-2.644265382,5.619418567,0,0,0.254584484,-1.057203234,0,0,0,0,0,0,0,0,0,0,0,0,0,0,0,0,0,0,0,0,0,0,0,0,0,0,0,0
17,./dataset_resized/leak/real_augment/QNL_2019.05.17_1_h_7,2019.05.17,11:42:43,leak,1VA_3VA,0.01012729,-0.049280971,0.268985382,2.484361883,-0.003924635,-0.100160166,-0.01058883,-1.106084436,0.026848432,1.432604759,-0.013849617,1.126568068,3.247538033,11.53170664,-0.092301751,0.25825301,-2.455249541,6.488770397,1.792256828,7.968510141,-3.526879689,11.60348995,-1.404278859,4.981545341,-0.671832527,0.411446948,-3.296388647,9.793236986,0.665635257,-0.297568098,0.264246083,-1.449737273,-0.277723519,-1.298878444,0,0,0,0,0,0,0,0,0,0,0,0,0,0,0,0,0,0,0,0,0,0,0,0,0,0
18,./dataset_resized/leak/real_augment/QNL_2019.05.17_1_h_8,2019.05.17,11:42:43,leak,1VA_3VA,0.036915022,-0.036351118,-0.439929522,1.508430013,-0.047604866,0.3944674,0.018739189,-1.030002051,-0.077539134,0.781426751,-0.072711899,-0.0362069,-0.296685671,9.136762273,0.059632004,-0.137859517,-1.183561232,13.73174622,1.023588283,8.725271667,-4.313359312,17.70019913,-0.488935964,5.558868669,0.070563048,-0.503747715,-3.118269234,8.672867985,0.57885145,0.561773264,0.269359895,-1.321722995,0.032713806,-1.327643535,0,0,0,0,0,0,0,0,0,0,0,0,0,0,0,0,0,0,0,0,0,0,0,0,0,0
19,./dataset_resized/leak/real_augment/QNL_2019.05.17_1_h_9,2019.05.17,11:42:43,leak,1VA_3VA,-0.351813917,0.535147777,-0.102324595,0.000436994,0.098296064,0.436546025,0.019992823,-0.580119464,0.065511404,5.045905231,0.039329374,0.3043467,-5.131119349,25.31778114,0.002182507,0.325337347,2.804148963,10.1660504,-0.242323107,5.450126192,1.616091278,4.277193497,0.776803822,8.1850065,1.451471736,4.065943427,-0.258453749,3.786462236,0.125682008,-1.094599147,-3.871291948,14.43425823,0,0,0.165888366,-0.934561864,0,0,0,0,0,0,0,0,0,0,0,0,0,0,0,0,0,0,0,0,0,0,0,0
20,./dataset_resized/leak/real_augment/QNL_2019.05.17_2_v_0,2019.05.17,14:04:00,leak,1VA_3VA,-0.009843168,-1.087231744,3.18975615,20.0514496,0.006661515,-0.935460634,0.07108464,-1.014069274,-0.274821689,3.224132362,-1.523245266,15.79936872,0.049432103,0.569227279,0.022941664,1.010676613,2.340883744,20.79705042,0.006421856,5.46494529,0.389720353,26.98664788,1.234315127,12.36853091,-1.664018358,20.37776312,-0.537842586,7.632263316,-5.686722217,32.45271939,-4.577326641,21.53771257,2.834181243,8.639991361,-0.018780463,-1.265878372,0.091422343,-1.418370622,-0.163298745,-1.239156565,-0.855466962,-0.744878974,0.15050655,-1.296073968,0,0,0,0,0,0,0,0,0,0,0,0,0,0,0,0
21,./dataset_resized/leak/real_augment/QNL_2019.05.17_2_v_1,2019.05.17,14:04:00,leak,1VA_3VA,-0.009843166,-1.087231749,3.189756153,20.05144962,0.006661519,-0.935460625,0.071084639,-1.014069282,-0.27482169,3.224132399,-1.523245285,15.79936881,0.049432123,0.569227297,0.022941651,1.010676523,2.340883611,20.79704871,0.006421902,5.464944445,0.389720372,26.98664832,1.234314053,12.36852052,-1.664018928,20.37776593,-0.537844742,7.63227167,-5.686725389,32.45275054,-4.604668105,21.67177043,2.83418663,8.639976211,1.920851257,2.774402921,0.091442552,-1.418496896,-0.171462952,-0.677910611,-0.855601704,-0.747025824,-0.64901913,-0.835096588,0,0,0,0,0,0,0,0,0,0,0,0,0,0,0,0
22,./dataset_resized/leak/real_augment/QNL_2019.05.17_2_v_2,2019.05.17,14:04:00,leak,1VA_3VA,-0.009843163,-1.087231756,3.189756156,20.05144965,0.006661525,-0.935460614,0.071084638,-1.014069292,-0.27482169,3.224132444,-1.523245307,15.79936893,0.049432146,0.56922732,0.022941634,1.010676414,2.340883449,20.79704661,0.006421957,5.464943414,0.389720395,26.98664886,1.234309218,12.36851678,-1.664019624,20.37776935,-0.537857032,7.63244335,-5.686725507,32.45275197,-4.604679789,21.67181555,2.834147459,8.639771311,1.901960225,2.649139458,0.091466337,-1.418592144,0.077855492,-1.060072203,-0.855734953,-0.749379046,-0.662578148,-0.844706677,0,0,0,0,0,0,0,0,0,0,0,0,0,0,0,0
23,./dataset_resized/leak/real_augment/QNL_2019.05.17_2_v_3,2019.05.17,14:04:00,leak,1VA_3VA,-0.00984316,-1.087231765,3.189756161,20.05144968,0.006661532,-0.9354606,0.071084636,-1.014069305,-0.274821691,3.2241325,-1.523245334,15.79936908,0.049432176,0.569227348,0.022941614,1.010676278,2.340883247,20.797044,0.006422026,5.464942128,0.389720423,26.98664954,1.234307585,12.36850098,-1.664020491,20.37777363,-0.537846052,7.63228763,-5.686725653,32.45275377,-4.604706828,21.67198018,2.833869577,8.638455231,1.902289676,2.650206727,0.091439172,-1.418814203,0.077327082,-1.057959601,-0.855811962,-0.752204118,-0.660629909,-0.844051555,0,0,0,0,0,0,0,0,0,0,0,0,0,0,0,0
24,./dataset_resized/leak/real_augment/QNL_2019.05.17_2_v_4,2019.05.17,14:04:00,leak,1VA_3VA,-0.009843156,-1.087231776,3.189756167,20.05144973,0.006661541,-0.935460582,0.071084634,-1.014069321,-0.274821692,3.224132572,-1.52324537,15.79936926,0.049432214,0.569227383,0.022941588,1.010676103,2.340882988,20.79704066,0.006422114,5.464940481,0.389720459,26.9866504,1.234305493,12.36848072,-1.664021602,20.3777791,-0.537846733,7.632291385,-5.686727968,32.45277298,-4.604716067,21.67202957,2.833782865,8.638014062,1.902248916,2.650121424,0.091462031,-1.419069403,0.077654097,-1.057825295,-0.855893943,-0.756247239,-0.658188901,-0.843542987,0,0,0,0,0,0,0,0,0,0,0,0,0,0,0,0
25,./dataset_resized/leak/real_augment/QNL_2019.05.17_2_v_5,2019.05.17,14:04:00,leak,1VA_3VA,-0.00984315,-1.08723179,3.189756174,20.05144979,0.006661553,-0.935460559,0.071084632,-1.014069343,-0.274821693,3.224132668,-1.52317645,15.79820611,0.049432264,0.569227431,0.022926282,1.010826518,2.340882645,20.79703622,0.006373594,5.465086343,0.389720508,26.98665155,1.234283413,12.3681276,-1.664019416,20.37772007,-0.537844997,7.632214863,-5.686674034,32.45235018,-4.578534053,21.53990615,2.835965787,8.650422239,-0.02879278,-1.325471624,0.091161882,-1.414387117,-0.134854308,-1.211667767,-0.857657408,-0.756409929,0.332364947,-1.2399169,0,0,0,0,0,0,0,0,0,0,0,0,0,0,0,0
26,./dataset_resized/leak/real_augment/QNL_2019.05.17_2_v_6,2019.05.17,14:04:00,leak,1VA_3VA,-0.009843143,-1.08723181,3.189756185,20.05144988,0.006661569,-0.935460526,0.071084628,-1.014069373,-0.274821694,3.2241328,-1.523176516,15.79820646,0.049432334,0.569227497,0.022926234,1.010826196,2.340882167,20.79703005,0.006373757,5.4650833,0.389720575,26.98665314,1.234273833,12.36796401,-1.664021769,20.37772202,-0.537836265,7.632344256,-5.686673383,32.4523424,-4.578527898,21.53985222,2.835821213,8.649727468,-0.02898661,-1.322084056,0.091160257,-1.414676817,-0.138098548,-1.214019787,-0.857514099,-0.763885418,0.347236003,-1.239100441,0,0,0,0,0,0,0,0,0,0,0,0,0,0,0,0
27,./dataset_resized/leak/real_augment/QNL_2019.05.17_2_v_7,2019.05.17,14:04:00,leak,1VA_3VA,-0.009843132,-1.08723184,3.1897562,20.05145,0.006661594,-0.935460478,0.071084622,-1.014069418,-0.274821697,3.224132998,-1.523176613,15.79820697,0.049432438,0.569227595,0.022926162,1.010825717,2.340881457,20.79702087,0.006373999,5.465078778,0.389720674,26.98665551,1.234268089,12.36790836,-1.664024819,20.37773703,-0.537852153,7.632468261,-5.686673874,32.45234845,-4.578581265,21.54014039,2.835474825,8.647881001,-0.019741972,-1.299827508,0.091465825,-1.415332148,-0.125411059,-1.228407821,-0.856962279,-0.774769398,0.326064643,-1.236326776,0,0,0,0,0,0,0,0,0,0,0,0,0,0,0,0
28,./dataset_resized/leak/real_augment/QNL_2019.05.17_2_v_8,2019.05.17,14:04:00,leak,1VA_3VA,-0.009843113,-1.087231889,3.189756226,20.05145021,0.006661634,-0.935460399,0.071084614,-1.014069492,-0.274821701,3.224133322,-1.523250708,15.79913709,0.049432609,0.569227756,0.022918334,1.010889167,2.340856705,20.79687813,0.006404357,5.464957686,0.393234924,26.8328555,1.234265433,12.36715648,-1.72609674,20.72262613,-0.537854944,7.632824341,-5.680484452,32.37435325,-4.604781928,21.67237252,2.806491077,8.486374746,1.897373396,2.640143599,0.098294326,-1.433760197,0.065947888,-1.047850994,-0.85238363,-0.785558944,-0.635937561,-0.840550726,0,0,0,0,0,0,0,0,0,0,0,0,0,0,0,0
29,./dataset_resized/leak/real_augment/QNL_2019.05.17_2_v_9,2019.05.17,14:04:00,leak,1VA_3VA,-0.009843078,-1.087231985,3.179955894,19.91956059,0.006661712,-0.935460244,0.07092962,-1.012955332,-0.274821708,3.224133953,-1.522813762,15.75721794,0.049432942,0.569228069,0.024517184,1.014393026,2.340854431,20.79684872,0.522842815,6.94199886,0.393226343,26.83289991,-0.378875611,7.297121647,-1.726106927,20.72264657,-0.615877844,8.616631201,-5.680483502,32.37434424,-4.69418777,22.59460714,2.805278173,8.48024348,0.00361811,-0.86616613,0.098597682,-1.435415206,0.506183924,-0.727840575,-0.84632544,-0.823746626,-1.154433279,0.205635027,0,0,0,0,0,0,0,0,0,0,0,0,0,0,0,0
30,./dataset_resized/leak/real_augment/QNL_2019.05.17_2_h_0,2019.05.17,14:04:00,leak,1VA_3VA,-0.18831703,-0.576256487,-0.64640414,1.152439089,0.143653783,-0.847590121,0.194217281,-0.822518672,-0.187211242,2.380544581,0.001041343,3.795263932,-0.378738466,-0.186488026,-0.453669693,0.981190932,0.077891002,-1.31716233,-0.028199887,-0.883116485,-0.031341034,-1.057038275,0.007123441,-1.011948514,-1.205082448,-0.136315445,0.023703774,-0.80975384,0,0,-0.055886055,-1.422867469,0,0,-0.872322444,-0.770535135,0,0,0,0,0,0,0,0,0,0,0,0,0,0,0,0,0,0,0,0,0,0,0,0
31,./dataset_resized/leak/real_augment/QNL_2019.05.17_2_h_1,2019.05.17,14:04:00,leak,1VA_3VA,-0.723719383,0.771998351,-0.724295495,1.628849924,0.132820391,-0.916382265,0.263325356,-0.412443329,0.041039315,2.318936965,0.071381419,4.670833137,-1.759634644,5.809230433,0.486184625,4.310285639,0.306284584,-0.136868327,0.204112023,0.862898423,0.174980849,-0.19268254,-0.056551566,-0.719369901,-0.377451035,-1.378547281,-0.861546018,-0.703997508,-1.073397919,-0.16454765,-0.914068367,-0.73843703,0,0,0,0,0,0,0,0,0,0,0,0,0,0,0,0,0,0,0,0,0,0,0,0,0,0,0,0
32,./dataset_resized/leak/real_augment/QNL_2019.05.17_2_h_2,2019.05.17,14:04:00,leak,1VA_3VA,-0.201873211,0.062956976,-0.44272415,1.839049573,0.03124416,-1.023682445,0.163817303,-0.994272396,-0.065531292,2.731971496,-0.206274273,3.465162666,0.336199548,2.372266253,0.257932484,2.870839793,0.526037647,0.927074148,-0.331484353,0.755017257,-0.068527932,-0.313346024,0.080316809,-0.92553327,-1.227292372,-0.036166143,-1.085529427,-0.215801436,0,0,0,0,0,0,0,0,0,0,0,0,0,0,0,0,0,0,0,0,0,0,0,0,0,0,0,0,0,0,0,0
33,./dataset_resized/leak/real_augment/QNL_2019.05.17_2_h_3,2019.05.17,14:04:00,leak,1VA_3VA,-4.409479949,28.87091853,-0.550362746,1.58324024,3.520773412,20.07860094,0.221079599,-0.849816563,0.387254521,3.894214827,-0.105296273,2.8107077,0.350725519,3.381182866,0.137748082,4.799416143,0.066259275,-0.992356336,-0.06988932,2.223336264,-0.278692007,-1.240517903,-0.009937193,-0.96195267,-0.998677563,0.152382654,0.057124352,-1.167615746,0,0,-0.411891003,-1.339153603,0,0,0,0,0,0,0,0,0,0,0,0,0,0,0,0,0,0,0,0,0,0,0,0,0,0,0,0
34,./dataset_resized/leak/real_augment/QNL_2019.05.17_2_h_4,2019.05.17,14:04:00,leak,1VA_3VA,-0.03870329,-0.364921197,-0.513678264,0.879193781,-0.061123999,-1.066475693,0.198230012,-0.835483843,-0.244889864,1.196220001,0.0411913,1.977950251,-0.109914761,3.577220982,0.079097003,0.335567674,0.168034123,1.575212484,-0.005893677,-0.974114281,0.077110426,1.570298713,-0.077359458,-0.931535661,0.237211242,0.300584605,-0.01261701,-1.128439725,-0.849255163,-0.860043911,-0.243205175,-1.102448939,0,0,0,0,0,0,0,0,0,0,0,0,0,0,0,0,0,0,0,0,0,0,0,0,0,0,0,0
35,./dataset_resized/leak/real_augment/QNL_2019.05.17_2_h_5,2019.05.17,14:04:00,leak,1VA_3VA,0.007074689,-0.606839355,-0.321722157,0.708069408,-0.093095073,-0.875245685,0.184513228,-1.049030979,0.000479909,4.500926028,-0.018863305,3.127802385,0.11137071,2.043246381,-0.117551285,2.439905788,0.130250105,0.686273142,0.239386778,2.09173483,-2.20915901,3.423989166,0.09725124,-1.087290289,0.995566458,-0.132420485,0.007066661,-1.336636986,-0.128786866,-1.300950247,0.015394723,-0.191448856,0,0,-1.159725586,0.080589578,0,0,0,0,0,0,0,0,0,0,0,0,0,0,0,0,0,0,0,0,0,0,0,0
36,./dataset_resized/leak/real_augment/QNL_2019.05.17_2_h_6,2019.05.17,14:04:00,leak,1VA_3VA,-0.006327877,-0.538085831,-0.306276434,1.17822055,-0.074179084,-0.969999392,0.104235116,-0.975639728,-0.309663377,7.85817518,-0.127374811,3.575687508,0.434913988,3.835436658,0.626902249,4.743151001,0.016760858,2.495829448,-1.011898306,4.552844865,0.643466087,3.598379344,0.453293267,1.717799655,-0.230880084,-0.338935259,-0.185788054,-0.436660372,-2.342904689,4.261181289,-1.818958378,2.104516185,0.141092533,-1.582968163,0,0,0,0,0,0,0,0,0,0,0,0,0,0,0,0,0,0,0,0,0,0,0,0,0,0
37,./dataset_resized/leak/real_augment/QNL_2019.05.17_2_h_7,2019.05.17,14:04:00,leak,1VA_3VA,-0.037152271,-0.724275964,-1.3583378,5.729205769,0.036533919,-1.179235262,0.294228446,-0.146704498,-0.336735939,6.692222958,0.056353634,4.073046495,-0.532304848,4.228306469,0.053356354,2.754774888,0.170069197,3.264741072,0.105402009,-0.242481863,-0.126964332,0.355222939,-0.736905909,5.110313733,-2.699088059,6.142820703,0.335345829,2.736599732,0.278024859,-0.65707948,-2.455909125,4.589195432,0,0,0.49906846,-0.861778798,0,0,0,0,0,0,0,0,0,0,0,0,0,0,0,0,0,0,0,0,0,0,0,0
38,./dataset_resized/leak/real_augment/QNL_2019.05.17_2_h_8,2019.05.17,14:04:00,leak,1VA_3VA,7.864598225,65.39493195,-1.440856098,5.277011251,-7.877131439,65.87194374,0.106980041,-0.960498085,-0.075067076,-0.205646946,-0.135492043,3.089894372,-2.687275543,18.62427846,0.348079458,4.135662318,0.239339791,4.217482087,0.160975149,2.854767659,-0.100082767,2.465413985,0.966514062,4.731577726,-0.619947114,4.19154874,-0.014706962,0.957408183,-2.785577813,6.485544313,-2.080626291,3.122052273,1.659592081,1.197071797,0.474469612,-1.45132283,-0.408990249,-1.493594533,0,0,0,0,0,0,0,0,0,0,0,0,0,0,0,0,0,0,0,0,0,0
39,./dataset_resized/leak/real_augment/QNL_2019.05.17_2_h_9,2019.05.17,14:04:00,leak,1VA_3VA,-0.038205004,0.269822391,-0.5022203,1.373197686,-0.02343046,-0.992855268,0.378268346,0.557379965,-0.245886812,8.29196713,-0.024052929,3.204876412,-0.191629991,11.94874608,-0.957896676,9.003433292,-0.239656978,4.33804254,0.155776231,7.959322802,0.845729616,10.46239062,-0.370448407,4.073832358,-0.297732648,0.620541609,-0.208021243,3.158855492,-2.792594464,6.601578691,-3.57403422,12.29677034,1.026598885,-0.489906777,0.603226714,-0.664855045,0,0,0,0,0,0,0,0,0,0,0,0,0,0,0,0,0,0,0,0,0,0,0,0
40,./dataset_resized/leak/real_augment/QNL_2019.05.17_3_v_0,2019.05.17,14:33:40,leak,1VA_3VA,0.096116005,-1.143586505,-0.082837032,1.765332666,0.010149822,-0.707743152,-0.845650237,6.436139025,-0.006153346,-0.212895076,1.805809415,12.89002161,-2.459003969,17.09441046,-0.003554165,0.713906014,4.65806466,51.52311285,1.678488341,12.54162884,-2.888073506,26.92797169,-1.297008115,6.927233961,-6.67417274,45.25214336,-6.154725737,38.12364853,-0.049688539,-0.350623024,0.937858467,2.553946711,-0.26803302,-1.297885281,1.400376371,3.672970795,0.941419192,-0.577863391,-0.398822252,-1.357653487,0,0,-0.4871031,-1.399931621,0,0,0,0,0,0,0,0,0,0,0,0,0,0,0,0
41,./dataset_resized/leak/real_augment/QNL_2019.05.17_3_v_1,2019.05.17,14:33:40,leak,1VA_3VA,0.095385802,-1.147010658,-0.065928171,1.784133139,0.003814955,-0.690929743,-0.832582876,6.303321848,0.011636753,-0.080263064,1.544027652,12.19120183,5.961256471,49.96271505,-0.054917653,1.408324992,6.194049654,71.43875954,3.860605844,31.66004675,-2.640866474,27.23810919,-3.105916627,17.62153335,-6.503576063,42.91747924,-6.301157993,40.2141712,1.037797516,3.573336516,0.351341203,0.691714229,0.100308602,-0.536707202,0.022146695,-1.186632737,0.836809358,-0.4978896,0.941826624,-0.709396083,0,0,0,0,0,0,0,0,0,0,0,0,0,0,0,0,0,0,0,0
42,./dataset_resized/leak/real_augment/QNL_2019.05.17_3_v_2,2019.05.17,14:33:40,leak,1VA_3VA,0.113921928,-1.066091835,-0.017395305,1.720944122,0.026011133,-0.653455596,-0.814175536,6.020564561,0.002838367,-0.207989511,1.796536001,12.88358536,-9.285774965,98.22672554,-0.006615131,0.838058214,3.170448666,45.23368618,1.326661559,13.31034498,-0.599666348,16.53407506,-2.725344582,18.1127193,-6.582062796,43.75722146,-6.006297417,36.48268171,0.862375429,3.861134987,0.178865235,6.012907096,-0.31362568,-1.277817902,-0.295945414,-0.337902753,0.424772196,-1.384045492,-0.184300339,-1.407432293,0,0,-0.319688538,-1.450772768,0,0,0,0,0,0,0,0,0,0,0,0,0,0,0,0
43,./dataset_resized/leak/real_augment/QNL_2019.05.17_3_v_3,2019.05.17,14:33:40,leak,1VA_3VA,0.094612816,-1.143983453,0.027164924,1.675385746,0.011284978,-0.694690658,-0.763372642,5.457560714,-0.005695755,-0.131858763,1.449446522,11.47605575,-1.872378789,11.6483205,-1.349047741,9.894849286,4.864718053,51.13671184,-5.91485845,34.17949775,-2.80797216,23.98222206,0.744923152,1.969984115,-6.817342144,47.26356959,-2.404226541,6.932520103,1.340979623,5.837259087,0.238273874,-0.699501337,-0.415827469,0.91779828,0.036133556,-0.911095586,-0.192603165,-1.435725249,0.898618528,-0.752261731,0.365450248,-1.464599648,0,0,0,0,0,0,0,0,0,0,0,0,0,0,0,0,0,0
44,./dataset_resized/leak/real_augment/QNL_2019.05.17_3_v_4,2019.05.17,14:33:40,leak,1VA_3VA,0.116917819,-1.079275025,-0.03917908,1.736860746,0.025357084,-0.660716743,-0.823168582,6.164448794,0.014588602,-0.251293515,1.748408812,12.49959868,-0.495570129,1.709011816,0.016696027,0.550153384,4.08161457,42.09977455,1.306490878,12.36252805,-3.652744512,28.9179888,-2.562631368,16.54409459,-6.594587828,44.14678278,-6.024867261,36.75810413,2.102921565,9.760428602,0.487846597,1.619200713,-0.154572715,-0.964623794,-0.16773965,-0.975284283,0.634153399,-1.230944881,0.085345296,-1.35402318,0,0,0.681851841,-1.106892882,0,0,0,0,0,0,0,0,0,0,0,0,0,0,0,0
45,./dataset_resized/leak/real_augment/QNL_2019.05.17_3_v_5,2019.05.17,14:33:40,leak,1VA_3VA,0.09909028,-1.144192358,-0.076129722,1.734865562,0.011469658,-0.71272074,-0.849822365,6.473824652,0.001910952,-0.209835776,1.820216576,13.02555642,-0.112248902,0.149637161,-0.002583237,0.689224074,4.069963055,40.69436753,1.439162339,11.82541246,-3.277631341,28.04654192,-2.859653999,19.30962266,-6.616114546,44.44441413,-5.942397095,35.79911534,1.846593313,7.696035438,2.144859179,7.651913755,0.056712641,-0.733879655,-0.059638043,-1.386903548,0.587808021,-1.290369582,0.485238068,-1.216940467,0,0,0,0,0,0,0,0,0,0,0,0,0,0,0,0,0,0,0,0
46,./dataset_resized/leak/real_augment/QNL_2019.05.17_3_v_6,2019.05.17,14:33:40,leak,1VA_3VA,0.11531349,-1.072300394,-0.083184292,1.719756882,0.025611067,-0.648049071,-0.855250759,6.528223255,-0.000472523,-0.248819613,1.526215312,12.06503594,-9.420544952,100.0930841,-0.051790638,1.247427388,4.237549731,51.1259635,3.658581206,29.31213661,-1.229479714,22.80809916,-2.806769595,15.26684122,-6.698696878,45.34346648,-6.277814457,39.94569881,0.552535469,0.937555151,-0.429706599,0.958667321,-0.032138029,-0.426090759,-0.12569371,-0.969700718,-0.204362829,-1.360914852,0.692233245,-0.572380454,-0.418777265,-0.783255606,0,0,0,0,0,0,0,0,0,0,0,0,0,0,0,0,0,0
47,./dataset_resized/leak/real_augment/QNL_2019.05.17_3_v_7,2019.05.17,14:33:40,leak,1VA_3VA,0.070407668,-1.19952493,0.027058926,1.671142131,0.003075898,-0.685842467,-0.751592229,5.337442577,0.052481343,-0.142434729,1.885839447,14.34135324,-9.521922273,102.4519251,-0.078671462,1.246143047,3.076653713,46.90404677,1.579916382,11.82503063,-3.238301752,30.26447591,-2.82314773,21.14051718,-6.154799414,38.52707874,-5.639521398,31.84223858,-1.243572418,2.953233821,0.328540592,-0.494294159,-0.465973919,0.7788942,0.809021012,1.466939235,0.097204109,-1.12221985,-0.444002704,-1.260093546,-0.395691491,-1.077500418,-0.270511892,-1.548828652,0,0,0,0,0,0,0,0,0,0,0,0,0,0,0,0
48,./dataset_resized/leak/real_augment/QNL_2019.05.17_3_v_8,2019.05.17,14:33:40,leak,1VA_3VA,0.0764844,-1.217539496,-0.016231487,1.652814907,0.005281132,-0.727248848,-0.806552228,6.013474158,-0.002848122,-0.248701597,1.693078365,12.08555049,-0.088623249,0.141622658,-0.01213572,0.307393414,4.39763487,41.72682623,1.657133952,12.59217661,-3.350099282,27.43969053,-3.048229446,20.0272932,-6.699104932,45.60016698,-5.897695102,35.02128832,1.501962303,5.710774511,-0.031348139,1.356532587,-0.195472846,-1.147761813,0.168039139,-1.122149475,0.789894913,-1.008748318,0.59088417,-0.655897175,0,0,0,0,0,0,0,0,0,0,0,0,0,0,0,0,0,0,0,0
49,./dataset_resized/leak/real_augment/QNL_2019.05.17_3_v_9,2019.05.17,14:33:40,leak,1VA_3VA,0.157218275,-0.883330356,-0.066955235,1.813947375,0.017428173,-0.580762042,-0.237188757,0.387820627,0.031531329,-0.026184513,0.947001295,6.653616079,-8.553189952,92.15246483,0.223634141,1.809929,3.828571733,48.21219843,1.262886137,13.43924727,-6.538556244,42.88280725,-3.262331273,21.18464461,-0.222997464,-0.306282063,-5.924421644,35.56455662,0.949536901,5.484759467,0.803420635,1.142474172,0.677781865,1.424951644,0.293056418,-1.316112425,-0.182682066,-1.48965368,0.90956645,-0.453542678,0,0,0,0,0,0,0,0,0,0,0,0,0,0,0,0,0,0,0,0
50,./dataset_resized/leak/real_augment/QNL_2019.05.17_3_h_0,2019.05.17,14:33:40,leak,1VA_3VA,-0.341861528,1.855044457,-0.012958058,1.050823435,0.101872723,0.396745927,-0.693012009,2.469774101,-3.087814176,12.02055325,0.549870737,1.203400201,2.153248809,6.841308006,-1.61136311,3.937477312,1.228495888,1.911460838,2.356992376,6.430917769,-0.057928452,0.206413025,0.681460337,0.495173298,-0.726040578,0.011562452,-0.035013314,-0.520423701,-0.198508701,-1.478039338,-1.192748233,-0.143963197,0,0,0,0,0,0,0,0,0,0,0,0,0,0,0,0,0,0,0,0,0,0,0,0,0,0,0,0
51,./dataset_resized/leak/real_augment/QNL_2019.05.17_3_h_1,2019.05.17,14:33:40,leak,1VA_3VA,0.749107858,1.900192093,1.441657777,5.48522466,-0.060475974,-0.41867546,-0.589047466,1.020175376,1.903506468,8.593150762,0.179687982,-0.648517419,1.502523962,4.236382552,-1.344782651,2.914182169,2.37471501,6.77212016,1.714086322,4.375905897,-1.773530896,1.542222686,0.424404001,0.247483718,1.058937198,0.083242481,-0.54472431,-0.363577078,0.499980008,-1.309120599,-0.253713143,-1.459665049,0,0,0,0,0,0,0,0,0,0,0,0,0,0,0,0,0,0,0,0,0,0,0,0,0,0,0,0
52,./dataset_resized/leak/real_augment/QNL_2019.05.17_3_h_2,2019.05.17,14:33:40,leak,1VA_3VA,0.115627677,0.406493766,-0.285094989,0.826029233,0.103054199,0.449307646,-0.348980219,0.629657683,0.003438367,-0.145762585,-0.024190477,-0.617430813,1.83230046,3.379139758,0.149969498,0.069101766,2.961122735,7.88933238,0.246575535,1.848674901,-0.728206958,1.718270384,-0.847004064,0.151371849,-2.063096266,2.762368447,-1.457643014,0.562609695,0.090470001,-1.218320661,0.346580725,-1.436654554,0.512514092,-1.29075577,0,0,0,0,0,0,0,0,0,0,0,0,0,0,0,0,0,0,0,0,0,0,0,0,0,0
53,./dataset_resized/leak/real_augment/QNL_2019.05.17_3_h_3,2019.05.17,14:33:40,leak,1VA_3VA,0.238823465,1.927373587,-0.366468476,0.360192797,0.281817707,0.082735293,-0.045346326,-0.757965895,0.518416683,0.878033041,-0.009100181,-0.339615918,1.772051326,5.881932374,0.137517958,-0.398025517,-1.39020797,3.605701458,0.001609422,0.297141925,-1.954538486,2.268710107,0.340960306,1.784530754,0.390811226,-0.16659322,-0.001838612,-0.412375706,1.242247542,-0.050473932,-1.553433499,0.900183529,0,0,0.259363208,-1.436995233,0,0,0,0,0,0,0,0,0,0,0,0,0,0,0,0,0,0,0,0,0,0,0,0
54,./dataset_resized/leak/real_augment/QNL_2019.05.17_3_h_4,2019.05.17,14:33:40,leak,1VA_3VA,0.828871634,2.420915821,-0.138208392,-0.25381341,0.059905964,-0.473787106,-0.008312947,-0.780570459,3.138369253,18.45978246,-0.378271492,0.422200632,1.550464976,6.804642245,-0.146557396,-0.278545294,3.504883464,11.4176629,0.451018916,2.234102124,-0.53413346,0.855294158,0.176082239,2.378170803,-2.172474356,3.283266792,-1.867612887,1.935396854,0.785193208,-0.644971154,0.80920631,-1.022667892,0,0,0,0,0,0,0,0,0,0,0,0,0,0,0,0,0,0,0,0,0,0,0,0,0,0,0,0
55,./dataset_resized/leak/real_augment/QNL_2019.05.17_3_h_5,2019.05.17,14:33:40,leak,1VA_3VA,0.296760414,1.423402631,-0.22781981,-0.098923857,-0.000640007,-0.680745943,-0.287340691,0.238852358,-0.781602076,3.524513249,-0.108058486,0.459563046,1.501389708,4.856015092,-0.092694322,-0.044529228,-2.351396428,3.699841104,0.578947266,2.546705979,-0.163347338,-0.503426333,2.357807804,8.715950778,1.805431121,2.120699471,-2.214920162,3.433242957,0.367924885,-1.03372409,0.164485287,-0.77656137,0,0,1.128299083,0.021876941,0,0,0,0,0,0,0,0,0,0,0,0,0,0,0,0,0,0,0,0,0,0,0,0
56,./dataset_resized/leak/real_augment/QNL_2019.05.17_3_h_6,2019.05.17,14:33:40,leak,1VA_3VA,0.334612502,0.944784378,-0.264975338,0.100380025,-0.013246083,-0.589279746,-0.079460512,-0.718191848,0.974293921,5.47411836,-0.370366912,0.173405441,3.08753126,11.95211666,0.221337375,-0.15406247,4.237934296,17.64019156,-0.1449764,2.620354805,-3.068014114,8.045256657,-1.285795557,4.997209535,-0.262502992,-0.523973201,-2.294595253,3.772917754,0.061488113,-0.931590481,1.289314925,0.147953462,0.682398978,-0.471568322,-0.243005743,-1.562283271,0,0,0,0,0,0,0,0,0,0,0,0,0,0,0,0,0,0,0,0,0,0,0,0
57,./dataset_resized/leak/real_augment/QNL_2019.05.17_3_h_7,2019.05.17,14:33:40,leak,1VA_3VA,-0.152570072,2.288952295,-0.620821499,1.958754933,-0.010614657,-0.426425283,0.246968155,0.334188356,0.095618368,0.363098541,-0.221188612,0.916947431,2.929569465,12.49933275,0.093656326,0.440599326,-2.185806998,6.922504494,-0.084874618,1.467992079,-3.236756974,9.289016913,0.944738494,5.962247088,-0.165344031,-1.066517627,-0.271719823,1.756261314,0.420188943,-0.15452586,-2.379298054,4.32915841,0.074486332,-1.247977689,0.588145906,-0.74739162,0,0,0,0,0,0,0,0,0,0,0,0,0,0,0,0,0,0,0,0,0,0,0,0
58,./dataset_resized/leak/real_augment/QNL_2019.05.17_3_h_8,2019.05.17,14:33:40,leak,1VA_3VA,-0.343114003,1.669232574,-0.314340012,0.392407409,0.003659947,-0.513655862,-0.068438298,-0.875926943,-0.316359555,1.373995363,-0.005142186,-0.091452292,-3.680009436,11.86319484,0.766008672,2.289612225,0.081788731,-0.122988711,2.280450513,9.960387575,-0.061345715,-0.179655243,-1.926557013,7.583400965,-0.009289407,-0.210351731,-3.053859205,8.164707292,0.529521332,1.176917712,-0.850086236,0.558639415,-0.127413804,-1.249882593,-1.057787661,-0.575180059,0,0,0,0,0,0,0,0,0,0,0,0,0,0,0,0,0,0,0,0,0,0,0,0
59,./dataset_resized/leak/real_augment/QNL_2019.05.17_3_h_9,2019.05.17,14:33:40,leak,1VA_3VA,-0.179731804,-0.571197147,-0.191825016,-0.441634065,0.031799211,-0.268387952,-0.916165422,5.297044041,-1.05042392,5.630733616,1.844787207,13.74844044,5.082553502,30.07385219,0.04003505,0.032677249,4.666653017,40.95140843,1.523103144,13.4618884,-2.305500466,15.04495396,-2.306141627,13.96961644,-4.909154156,23.6931166,-4.081635236,15.77163392,0.460866654,-0.605866116,0.047705592,1.566270493,0.331803132,-1.240756305,0.245116147,-1.222418517,0,0,-0.140243164,-1.521030686,0,0,0,0,0,0,0,0,0,0,0,0,0,0,0,0,0,0,0,0
60,./dataset_resized/leak/real_augment/QNL_2019.05.17_4_v_0,2019.05.17,15:07:00,leak,1VA_3VA,-0.50086495,1.436376103,-0.037005904,-1.15168199,0.089823163,2.023153798,1.056979739,7.253459629,-1.055621717,6.724688,-4.287376902,39.72983313,0.576970723,4.311377498,0.013626338,4.473589086,4.447044108,34.92158896,1.796671149,25.10103837,-2.289820617,20.52991968,-1.209392197,8.074873886,-5.933591884,35.23070777,-5.350401306,28.44570221,0.597617102,4.018510913,0.047745884,-0.823877458,3.238999022,10.49381761,-0.11245118,-1.153304196,-0.293989331,-1.024810184,-0.903727752,-0.66924207,-0.085198154,-1.714924391,0,0,0,0,0,0,0,0,0,0,0,0,0,0,0,0,0,0
61,./dataset_resized/leak/real_augment/QNL_2019.05.17_4_v_1,2019.05.17,15:07:00,leak,1VA_3VA,-0.500865413,1.436375869,-0.034772723,-1.140225276,0.089801302,2.023092501,1.031304817,6.977752255,-1.055477658,6.724075889,-4.270786373,39.51990394,0.576850943,4.310065281,0.016049317,4.388525816,4.602978224,35.89785406,1.736810698,24.5780475,-1.472825406,16.17325094,-1.314519076,8.714120818,-6.045737834,36.69475577,-5.341198319,28.33379762,3.682581794,14.42884715,-0.087964613,-0.989954661,-0.563054599,2.089541812,-0.400394861,1.30996139,-2.483541668,5.136220898,-0.14152858,-1.496288214,0.130466459,-0.820386757,-0.921711791,-0.713099384,0.41667217,-1.444361045,0,0,0,0,0,0,0,0,0,0,0,0,0,0
62,./dataset_resized/leak/real_augment/QNL_2019.05.17_4_v_2,2019.05.17,15:07:00,leak,1VA_3VA,-0.500865979,1.436375586,-0.043672527,-1.160587915,0.089774649,2.023017761,0.979295896,6.612531389,-1.05548835,6.724177002,-3.763527183,33.47819892,0.576872633,4.310480134,0.07797852,4.104847734,4.603040773,35.89896667,2.027068194,27.68639935,-1.696026855,16.90921205,-1.065716128,4.700613169,-6.02655436,36.44046746,-5.362962159,28.66743784,3.857391907,15.31233833,-0.365346084,0.05668059,-0.562675257,1.941245894,-0.259681999,-1.197522071,-2.476004008,5.420728058,-0.933466981,-0.786858089,0.069619606,-0.872910137,0,0,0.365787837,-1.487934299,0,0,0,0,0,0,0,0,0,0,0,0,0,0
63,./dataset_resized/leak/real_augment/QNL_2019.05.17_4_v_3,2019.05.17,15:07:00,leak,1VA_3VA,-0.50086738,1.436368052,-0.043099896,-1.154252631,0.089731947,2.022871557,1.047158114,7.146567265,-1.055384134,6.723186742,-4.225373917,38.93050487,0.576797483,4.309574346,0.092232756,4.904702342,4.407368072,34.66839605,1.801213434,26.11295783,-2.173466112,19.79797189,-0.923580778,6.962450158,-5.927544115,35.15521358,-5.353338365,28.40857177,3.496734147,13.21003959,0.126378586,-1.014179218,-0.823043835,0.991907817,-0.047862516,-1.252416416,-0.648809187,-0.059563499,-0.964482628,-0.687132492,-0.316761538,-0.760281519,0,0,0.244698052,-1.635126312,0,0,0,0,0,0,0,0,0,0,0,0,0,0
64,./dataset_resized/leak/real_augment/QNL_2019.05.17_4_v_4,2019.05.17,15:07:00,leak,1VA_3VA,-0.500868285,1.436367599,-0.036446915,-1.148035915,0.089689377,2.022752225,1.032574165,6.984354971,-1.055396802,6.723321325,-4.179695345,38.36854953,0.576799116,4.309418688,0.107155211,4.809125849,4.449175076,34.93798005,1.846918566,26.93042562,-2.114511085,19.43846394,-1.780919321,9.519894274,-5.946488959,35.39169956,-5.353239163,28.49670597,3.39252164,12.72686368,0.055040659,-1.06564402,-0.736227956,0.745663847,-0.371144286,-0.950132299,-0.263340572,-0.8395342,-0.1655408,-1.51012019,-0.329226986,-0.709056446,0,0,0.229400059,-1.643620245,0,0,0,0,0,0,0,0,0,0,0,0,0,0
65,./dataset_resized/leak/real_augment/QNL_2019.05.17_4_v_5,2019.05.17,15:07:00,leak,1VA_3VA,-0.500869486,1.436366999,-0.038719774,-1.154419401,0.089632876,2.022593876,1.450603766,11.28912929,-1.054304613,6.718466638,-4.107899165,38.44424488,0.576059792,4.303216449,6.626342668,52.53658874,4.407725894,34.67279632,-5.77120228,32.87907691,-2.277162241,20.4188151,-0.0948668,0.70124222,-5.918013424,35.0341909,-0.349661471,1.139583489,0.617101707,4.35084767,-1.759059556,5.523166522,2.449135341,7.439369833,-0.252552517,-1.399926492,-0.057482969,-1.08904391,-0.549788731,-1.218561344,0.110619287,-1.604252971,0,0,0,0,0,0,0,0,0,0,0,0,0,0,0,0,0,0
66,./dataset_resized/leak/real_augment/QNL_2019.05.17_4_v_6,2019.05.17,15:07:00,leak,1VA_3VA,-0.500871157,1.436366164,-0.039305964,-1.15598194,0.089547972,2.022239968,1.224849619,8.851434573,-1.054534632,6.718759005,-3.034645923,25.33453156,0.575971493,4.302561563,6.003819495,46.94672,4.40783964,34.67344006,-5.642881494,31.30083316,-1.852118816,17.9964027,-0.313425541,0.652992986,-5.985304248,35.89080764,-0.414731758,0.256336771,3.944003605,15.53347019,0.106396707,-1.251149341,-0.594372549,1.34054524,-0.135831102,-1.439735851,-0.973442576,-0.325818833,-0.355713402,-1.446227956,-0.152765533,-1.378139555,0,0,0.221266749,-1.47597469,0,0,0,0,0,0,0,0,0,0,0,0,0,0
67,./dataset_resized/leak/real_augment/QNL_2019.05.17_4_v_7,2019.05.17,15:07:00,leak,1VA_3VA,-0.500850849,1.436274141,-0.038854033,-1.163676839,0.089382855,2.02197056,1.496716379,11.82189864,-1.054437613,6.717867531,-3.200203335,27.81351759,0.57653447,4.303252568,6.362554645,49.78903656,4.403569789,34.64568026,-5.694552427,31.88803338,-2.490917764,21.60101557,-0.042005649,0.804625082,-5.910442248,34.93469768,-0.464597322,0.677501826,0.441092928,2.826617635,0.048020865,-0.617348771,3.203963071,11.16949556,0.192643898,0.776710434,-0.708229435,-0.853394607,0.386026899,-1.203196911,-0.414728333,-1.432456607,-0.074818339,-1.58908994,0,0,0,0,0,0,0,0,0,0,0,0,0,0,0,0
68,./dataset_resized/leak/real_augment/QNL_2019.05.17_4_v_8,2019.05.17,15:07:00,leak,1VA_3VA,-0.501136348,1.436446319,-0.035541109,-1.140774353,0.089270103,2.021073422,1.027253759,6.923497907,-1.035865921,6.468228984,-4.254879173,39.32827024,0.441994328,3.891087004,0.015759154,4.45312237,4.362400644,34.22019108,1.807588096,24.34732419,-2.618993832,23.12259021,-0.756222371,7.645055371,-5.917693214,35.00599155,-5.391413077,28.8687745,0.334397624,1.294312123,0.190091195,-0.620214798,3.600128316,14.33194798,-0.245715881,-0.535904249,-0.532439975,-1.103897468,-0.185262641,-1.048060802,-0.108661516,-1.526229784,-0.583221839,-1.311020771,0,0,0,0,0,0,0,0,0,0,0,0,0,0,0,0
69,./dataset_resized/leak/real_augment/QNL_2019.05.17_4_v_9,2019.05.17,15:07:00,leak,1VA_3VA,-0.501199786,1.434933439,-0.03119513,-1.146079273,0.085757764,2.073956088,1.032803389,6.982171262,-0.996849133,6.071079528,-4.256374633,39.34659922,0.40237868,3.6767474,0.054683577,4.529273055,4.344199969,34.01163637,2.03024128,26.3341594,-2.623552518,22.75305666,-0.568806304,5.804703505,-5.900719986,34.80686339,-5.404611739,28.9899114,0.371820449,0.812463594,0.302829635,-0.639086675,3.634623442,14.84906475,-0.189502899,1.522747163,-0.693747524,-0.829112987,-0.273553312,-1.061082066,-0.373602081,-1.463888808,-0.491359819,-1.341385345,0,0,0,0,0,0,0,0,0,0,0,0,0,0,0,0
70,./dataset_resized/leak/real_augment/QNL_2019.05.17_4_h_0,2019.05.17,15:07:00,leak,1VA_3VA,-0.096992273,-0.015487251,-0.278730082,0.648964387,-0.035709781,-0.909617164,-0.044288079,-0.671752951,0.023251009,0.822911849,-1.401074117,3.547867008,-0.216944433,1.221289824,1.455859032,0.474005073,-0.046581776,0.157642066,1.875870639,2.34452003,0.377772253,0.632611959,-1.200456549,-0.227142172,-0.541512837,-0.228680729,-0.55287124,-0.969503038,-0.754595326,-1.036852707,0.57641409,-1.289024141,0,0,0,0,0,0,0,0,0,0,0,0,0,0,0,0,0,0,0,0,0,0,0,0,0,0,0,0
71,./dataset_resized/leak/real_augment/QNL_2019.05.17_4_h_1,2019.05.17,15:07:00,leak,1VA_3VA,-0.040001222,-0.173215288,-0.081679513,0.523325546,0.048886142,-0.910874181,-0.055569406,-0.722535703,-0.176813393,-0.345031591,-1.378009308,2.321309263,1.321347145,3.879800875,1.377721377,2.471362591,1.10164011,1.187247183,2.216345432,3.526666047,-0.051823565,-0.429749956,-0.546007454,-0.076349606,-1.33777712,0.202963387,-1.238173609,-0.075196305,0,0,0.276776898,-1.573056142,0,0,0,0,0,0,0,0,0,0,0,0,0,0,0,0,0,0,0,0,0,0,0,0,0,0,0,0
72,./dataset_resized/leak/real_augment/QNL_2019.05.17_4_h_2,2019.05.17,15:07:00,leak,1VA_3VA,-0.082347042,-0.230127686,-0.46661628,1.335629236,0.025362603,-0.942319603,-0.006528693,-0.684817889,-0.48479319,1.327135003,-0.317852418,3.219079871,3.368373592,12.54169129,-0.352228427,2.13617589,1.434247373,1.773659681,1.296264699,1.947314427,-0.747641028,0.883768865,-0.851377226,0.906907095,-1.478509172,0.601163347,-1.332860764,0.151473317,0.625765109,-1.242014888,0.003723318,-1.401810807,0,0,0,0,0,0,0,0,0,0,0,0,0,0,0,0,0,0,0,0,0,0,0,0,0,0,0,0
73,./dataset_resized/leak/real_augment/QNL_2019.05.17_4_h_3,2019.05.17,15:07:00,leak,1VA_3VA,-5.743061199,34.27730064,-1.023500635,5.13356968,5.413093113,31.52204591,0.346257057,0.998454659,-0.035038012,0.542674141,0.426781549,0.561713636,-0.331948608,5.056885454,0.290737739,3.400174283,-0.224067131,1.511653658,1.114339566,4.29311346,0.607755025,2.499859314,-0.369137633,1.225606823,-0.673639543,0.209440608,-1.493182196,0.617417221,-1.444203803,0.50703107,0.718618382,-1.109812999,0,0,0,0,0,0,0,0,0,0,0,0,0,0,0,0,0,0,0,0,0,0,0,0,0,0,0,0
74,./dataset_resized/leak/real_augment/QNL_2019.05.17_4_h_4,2019.05.17,15:07:00,leak,1VA_3VA,4.813289173,28.67926882,-2.466141016,15.18895571,-4.190070863,23.2714556,0.605986107,1.88680458,-0.349307713,1.50364641,0.246178336,0.709155813,-0.834754041,3.336100421,-0.590039859,5.071751858,2.924141321,7.297624109,1.309589789,5.350006822,0.366191167,3.718450046,-0.565368033,1.692622982,-2.041426365,2.655442878,-1.708378275,1.332436574,0.849354536,-0.351078417,0.439317766,-0.998864671,0.120152049,-0.269273403,0,0,0,0,0,0,0,0,0,0,0,0,0,0,0,0,0,0,0,0,0,0,0,0,0,0
75,./dataset_resized/leak/real_augment/QNL_2019.05.17_4_h_5,2019.05.17,15:07:00,leak,1VA_3VA,-0.963504549,3.110180215,-0.147750104,0.625794534,-0.089703676,1.92126954,-0.08112085,-0.32507611,1.99278036,9.283957679,1.150929198,3.112744113,1.911682434,7.02041792,-0.527881331,6.893896958,0.795840787,5.699451977,1.367470584,6.13861833,-1.170053562,2.429682879,1.633998397,6.383140798,-2.080821067,2.826793602,-1.935585247,2.171079268,0.840614433,-0.59954805,-0.208080128,-1.07228797,0.370160677,-0.795168847,0.039474885,-1.181022635,0,0,0,0,0,0,0,0,0,0,0,0,0,0,0,0,0,0,0,0,0,0,0,0
76,./dataset_resized/leak/real_augment/QNL_2019.05.17_4_h_6,2019.05.17,15:07:00,leak,1VA_3VA,0.143798429,-0.316670277,-0.384516432,1.237221401,-0.080128478,-1.079526589,-0.012421056,-0.737027323,-0.25413671,2.058740938,0.154243735,0.64056081,2.079495063,8.972738411,-0.834433263,8.477812437,3.776269099,13.97821753,1.426026202,8.166674259,-2.499466996,4.730345124,-0.16482725,3.874881381,1.995652656,2.403254518,-2.219351064,3.404466716,-0.649660691,-0.163367726,0.109863743,-0.306622971,0.550608824,-0.680488123,0.054220344,-0.314599053,0,0,0,0,0,0,0,0,0,0,0,0,0,0,0,0,0,0,0,0,0,0,0,0
77,./dataset_resized/leak/real_augment/QNL_2019.05.17_4_h_7,2019.05.17,15:07:00,leak,1VA_3VA,0.380956281,0.432574946,-0.138751503,0.578446488,-0.066846853,-0.994915372,-0.05837949,-0.635143878,-0.77780705,4.139358539,1.180672597,4.031808655,-0.025674523,4.45527596,1.634569332,6.606815997,-0.608156379,7.080955529,4.028508966,15.60959241,1.30773743,7.640406673,-1.691377707,4.173471087,4.23160626,19.96170876,-2.690140051,5.892713781,-2.78081057,6.33855667,-0.258000234,-0.586593111,1.47380351,1.689501827,0.853903932,0.372043873,0.074087685,-1.265264514,0,0,0,0,0,0,0,0,0,0,0,0,0,0,0,0,0,0,0,0,0,0
78,./dataset_resized/leak/real_augment/QNL_2019.05.17_4_h_8,2019.05.17,15:07:00,leak,1VA_3VA,-0.081304519,-0.191832125,0.191050208,1.465962731,-0.162498076,-0.367676194,-0.05243078,-0.620842777,0.00992482,0.7488323,0.72060692,2.787756882,3.385083574,12.56267001,1.086151995,7.983056509,0.490706697,10.15569935,4.581403099,20.45335778,-3.464322796,10.81230028,-2.254768068,6.992576175,0.727286446,0.155400195,-3.273716463,9.543981019,2.277753364,4.337616229,0.146794309,-0.897036407,0.0240625,-1.36365812,-0.972782991,-0.225833273,0,0,0,0,0,0,0,0,0,0,0,0,0,0,0,0,0,0,0,0,0,0,0,0
79,./dataset_resized/leak/real_augment/QNL_2019.05.17_4_h_9,2019.05.17,15:07:00,leak,1VA_3VA,-0.436177104,-0.058036179,0.209258946,-0.072310102,0.24674197,0.18850768,-0.154904028,0.353248232,0.093477654,1.639631634,-1.605902281,13.82208367,3.863973593,19.58918765,2.926846941,19.64189816,-1.016571642,9.604011485,-2.822301343,12.76496101,-4.315379893,17.75885861,-1.191044134,7.485440953,-0.291284542,-0.65666842,-3.604476673,12.08875211,0.026418056,-0.923297381,0.211718373,-0.791665612,0.528693713,-1.277305149,-0.037659701,-1.655198205,0,0,0,0,0,0,0,0,0,0,0,0,0,0,0,0,0,0,0,0,0,0,0,0
80,./dataset_resized/leak/real_augment/QNL_2019.05.17_5_v_0,2019.05.17,15:36:46,leak,1VA_3VA,0.141944134,-0.586958807,-0.075020714,-0.097740287,-6.652646418,56.13275048,-0.026361731,-0.449844567,-6.845223129,64.06231518,0.054152018,-0.170087353,0.615602217,2.837723529,-0.505805302,2.778777649,9.073212414,87.1340666,0.149008356,5.518377657,5.567712665,31.82432169,-2.013623606,25.30313073,-4.564340643,19.87896962,0.754042441,15.4046637,3.090101852,9.529333873,-0.289924164,4.611478024,-0.200705201,0.187088547,-3.252007663,9.657292841,0.055190043,-1.435327211,0.265224625,-0.394037658,0.863449469,-0.822284608,0.939426576,-0.561483599,0,0,0,0,0,0,0,0,0,0,0,0,0,0,0,0
81,./dataset_resized/leak/real_augment/QNL_2019.05.17_5_v_1,2019.05.17,15:36:46,leak,1VA_3VA,0.128401168,-0.570471075,-0.076622911,-0.089674816,-6.655270378,56.27083275,-0.028357544,-0.465593685,-8.415546865,83.5350388,0.049644282,-0.177707153,0.661437962,3.547127893,-0.486727791,2.729665492,9.170408925,88.88493549,0.228521317,6.621674895,2.992500338,19.14652149,-1.82441714,25.10450489,-1.582214047,9.186824058,-4.197024036,16.23460889,-4.251239361,17.30869097,0.060554752,-0.626627877,-0.096104505,-1.263206306,-0.177962009,-1.10732984,1.006837231,-0.623152032,-0.13663286,-1.214963711,0,0,0,0,0,0,0,0,0,0,0,0,0,0,0,0,0,0,0,0
82,./dataset_resized/leak/real_augment/QNL_2019.05.17_5_v_2,2019.05.17,15:36:46,leak,1VA_3VA,0.082112501,-0.534715913,-0.076855972,-0.096016288,-6.305898258,52.06629883,-0.025151047,-0.454456174,-6.289070674,57.45363603,-0.051691989,-0.098722239,0.737890527,3.456265197,-0.187121455,1.760936019,8.902711048,84.72912935,0.402088208,10.05965548,5.422097675,31.18571993,-5.066748313,43.88258518,-2.125402719,10.39826246,6.023535112,37.00258307,-4.531610193,19.90791564,-2.076323041,11.0791506,-0.13547186,-0.850859386,-4.423483141,19.23803377,0.242815244,-0.981828506,0.233494324,-1.473907599,0,0,-0.099896549,-1.500368706,0,0,0,0,0,0,0,0,0,0,0,0,0,0,0,0
83,./dataset_resized/leak/real_augment/QNL_2019.05.17_5_v_3,2019.05.17,15:36:46,leak,1VA_3VA,0.130897917,-0.615973831,-0.075051526,-0.099032479,0.008147248,-0.63799706,-0.026172216,-0.440531901,-8.055715934,76.98217302,0.052155545,-0.111429195,0.186535789,1.037192123,-0.505593627,2.784593816,7.564737841,67.71489782,0.201596367,6.556642347,1.946474887,15.44832886,-1.853464639,26.03799606,-1.717561976,10.95981181,-4.190526235,16.13994182,-3.938460502,14.79566485,-0.686043411,1.474602839,0.019540958,-0.991375302,0.146894895,-1.293535427,0.771627643,-0.892220264,-0.129073412,-1.068161457,0,0,0,0,0,0,0,0,0,0,0,0,0,0,0,0,0,0,0,0
84,./dataset_resized/leak/real_augment/QNL_2019.05.17_5_v_4,2019.05.17,15:36:46,leak,1VA_3VA,0.131600693,-0.603582243,-0.073048674,-0.109763461,0.008160261,-0.642478526,-0.025954781,-0.456319796,-8.032676767,76.70347392,0.065145177,0.054437692,0.297805414,1.077771311,-0.201682272,1.385973346,7.729436542,69.54054217,0.09716103,5.034985986,1.757019355,12.44447618,-1.848937635,27.63159497,-0.448754733,8.190797842,0.661013279,14.84046548,-4.237059589,17.39479945,0.050575746,-0.106485195,0.237641767,-0.862522683,-1.333261963,2.666066099,0.591770421,-1.260971784,0,0,0,0,0,0,0,0,0,0,0,0,0,0,0,0,0,0,0,0,0,0
85,./dataset_resized/leak/real_augment/QNL_2019.05.17_5_v_5,2019.05.17,15:36:46,leak,1VA_3VA,0.145411342,-0.585338979,-0.075931388,-0.089691737,-6.671722573,56.34537708,-0.027903124,-0.447496212,-6.829039629,63.85382718,0.001420542,-0.222878704,0.62468924,2.880086233,-0.412442308,2.346898151,9.114849294,87.88348548,0.141560633,5.97975695,3.365021255,19.71973718,-1.936586266,25.27911912,-1.545848741,10.08259271,-4.185038411,16.11619129,-4.127660656,16.21588008,-0.669783787,0.893969043,0.553874681,0.085555586,-0.767038607,1.700879997,0.042635112,-0.82038572,0.148457602,-1.264814008,0.477765915,-1.450428314,0.267147978,-0.861538578,0,0,0,0,0,0,0,0,0,0,0,0,0,0,0,0
86,./dataset_resized/leak/real_augment/QNL_2019.05.17_5_v_6,2019.05.17,15:36:46,leak,1VA_3VA,0.120138733,-0.554975673,-0.077083124,-0.092942132,-6.669106067,56.31831016,-0.031267886,-0.429787367,-6.794186326,63.45788251,0.041722537,-0.051560136,1.052588887,4.885352915,-0.53452564,3.13092676,9.005634389,86.21315572,0.269545931,7.499454316,5.519096301,31.69297825,-1.545839636,24.24396888,-4.56320169,19.85058338,-4.214841634,16.46481249,2.451384545,6.808500379,1.207043726,1.928708882,-0.081310205,-1.415209996,-0.436724874,-0.793733213,0.533780596,-0.95864018,0.596676838,-0.060131552,0,0,0,0,0,0,0,0,0,0,0,0,0,0,0,0,0,0,0,0
87,./dataset_resized/leak/real_augment/QNL_2019.05.17_5_v_7,2019.05.17,15:36:46,leak,1VA_3VA,0.129134009,-0.631090934,-0.076512149,-0.104211832,-6.291493585,51.91867943,-0.023443501,-0.457914292,-6.334597119,58.01351205,0.050666582,-0.060330128,0.536119532,2.710167373,-0.532928599,3.161997678,8.929780329,85.1829893,0.106086106,5.67684232,5.215447317,30.22358133,-2.014664078,26.90938215,-1.858248342,10.09771929,0.669869008,15.21216113,-4.169897893,16.67851745,-0.398840192,4.89967325,-0.329433199,-1.324282263,-3.311013088,10.09044369,0.941054206,-0.781393919,0.043527713,-1.123630089,0,0,0.933439959,-0.435282408,0,0,0,0,0,0,0,0,0,0,0,0,0,0,0,0
88,./dataset_resized/leak/real_augment/QNL_2019.05.17_5_v_8,2019.05.17,15:36:46,leak,1VA_3VA,0.1369838,-0.595194831,-0.078116383,-0.120042015,-6.68319145,56.48026435,-0.024607421,-0.450057462,-6.912025201,64.91286557,0.05794092,-0.002194753,1.150310176,4.757677846,-0.218289006,1.582401294,9.060575571,86.9137343,0.05986158,6.953394556,5.195324156,29.74939857,-2.083859076,27.84463908,-1.77603005,9.103143989,0.697836241,16.07870131,-4.240065541,17.27408892,-1.257980439,10.37785159,1.005764323,0.997751376,-3.697091448,13.62607219,0.023641645,-1.449999438,-0.239292116,-1.543810947,0.063935308,-1.541489827,0,0,0,0,0,0,0,0,0,0,0,0,0,0,0,0,0,0
89,./dataset_resized/leak/real_augment/QNL_2019.05.17_5_v_9,2019.05.17,15:36:46,leak,1VA_3VA,0.100044222,-0.557659848,-0.068629121,-0.097064875,-6.319442131,52.22362878,-0.027398427,-0.445891279,-6.258121224,57.06154659,0.066730908,-0.096645084,0.529065155,2.354368689,-0.291342962,1.802437437,8.951075896,85.46283424,0.084314888,5.872271326,5.345275002,30.67378707,-1.978972936,27.25583026,-1.015973108,7.133033992,0.577939363,13.14972968,-4.637165178,20.89676327,-0.422464101,4.402144848,-0.281961232,-0.17621857,-3.202031981,9.61316564,0.103992307,-0.992544566,0.350125954,-0.355485732,0.78944447,-0.993864847,0.162684328,-1.490030425,0,0,0,0,0,0,0,0,0,0,0,0,0,0,0,0
90,./dataset_resized/leak/real_augment/QNL_2019.05.17_5_h_0,2019.05.17,15:36:46,leak,1VA_3VA,-0.116939733,1.18028696,5.367793839,33.58605684,3.751329703,26.48527849,-0.563608549,0.924551906,-0.795843338,2.907436207,-5.626658329,34.59314092,-1.806285585,4.358754404,-0.069386189,0.113447083,-0.121790985,-0.346166903,-0.013480808,-0.064711277,0.095866207,-1.121994313,-0.189987204,-0.465293527,1.459832762,0.666356059,-0.086811977,-1.719393479,-0.431326008,-1.489206708,0,0,0,0,0,0,0,0,0,0,0,0,0,0,0,0,0,0,0,0,0,0,0,0,0,0,0,0,0,0
91,./dataset_resized/leak/real_augment/QNL_2019.05.17_5_h_1,2019.05.17,15:36:46,leak,1VA_3VA,0.527941806,0.918142551,5.119815029,32.64453123,0.010187156,-0.709997563,-0.67370422,1.362777468,-0.0559869,-1.122619536,-4.952932303,32.17716765,-0.013638794,0.536348121,-0.352033381,0.280986832,-0.082414899,0.871162818,0.168798463,-0.366053679,1.116997076,-0.446050121,-0.010865852,-0.577242378,-0.518635199,-1.441556603,-0.157463421,-1.565502925,-0.06970973,-1.64482542,-0.295644819,-1.478402888,0,0,0,0,0,0,0,0,0,0,0,0,0,0,0,0,0,0,0,0,0,0,0,0,0,0,0,0
92,./dataset_resized/leak/real_augment/QNL_2019.05.17_5_h_2,2019.05.17,15:36:46,leak,1VA_3VA,0.184612782,0.644274483,5.178630815,33.86493083,0.092922855,0.028757547,-0.492777696,0.733638485,0.10013305,-0.11682378,-5.566732966,38.06674171,0.027558703,1.327536727,0.532971184,1.362451202,0.004606497,-0.075330591,-0.142497324,0.17464907,0.449612212,-0.824742651,0.097109049,-0.600332673,-0.441424007,-1.577410024,-0.521788114,-1.391502335,-0.51256047,-1.386269348,0,0,0,0,0,0,0,0,0,0,0,0,0,0,0,0,0,0,0,0,0,0,0,0,0,0,0,0,0,0
93,./dataset_resized/leak/real_augment/QNL_2019.05.17_5_h_3,2019.05.17,15:36:46,leak,1VA_3VA,-0.003583412,0.256892129,5.676749026,41.11780737,-0.005601112,-0.826920531,-0.628605259,1.447542763,-1.810261658,7.109843607,-5.66229846,41.00023998,-3.051103987,10.14100705,0.338355772,0.502030309,2.302750641,4.850757867,-0.480188098,1.758443765,0.463857284,0.026937601,0.278642268,-0.430827625,-0.653360935,-1.153688209,-0.037314346,-0.477156515,-0.495590155,-1.392778318,-0.803199055,-0.978965086,0,0,0,0,0,0,0,0,0,0,0,0,0,0,0,0,0,0,0,0,0,0,0,0,0,0,0,0
94,./dataset_resized/leak/real_augment/QNL_2019.05.17_5_h_4,2019.05.17,15:36:46,leak,1VA_3VA,2.235141449,9.282213612,5.709275013,43.0944909,-2.712582795,11.62200859,-0.341810439,0.20788965,1.006472764,1.886817743,-6.790330443,53.08331795,0.027579343,-0.215035031,0.402135812,1.499810841,0.239258141,0.786127043,2.056275841,7.220299856,0.866955584,0.544352334,0.072482044,0.17821398,-0.231189119,-0.860321034,-0.907035735,-0.871833338,-1.054847595,-0.516844563,0,0,0,0,0,0,0,0,0,0,0,0,0,0,0,0,0,0,0,0,0,0,0,0,0,0,0,0,0,0
95,./dataset_resized/leak/real_augment/QNL_2019.05.17_5_h_5,2019.05.17,15:36:46,leak,1VA_3VA,0.164601793,0.318100131,6.629565368,56.03648985,-3.427272083,11.08395481,-0.279070378,0.092924164,-3.637582718,15.04987116,-7.249457603,62.03400314,0.376467697,0.498422283,0.047161517,-0.239459354,3.730289932,12.93420944,-0.735371248,2.771389568,0.031507581,0.631245773,1.246036775,2.263309784,0.86640656,1.093943488,0.815808596,0.390968604,1.957326569,3.530714073,-1.250863851,-0.061812193,-1.288038065,0.000642967,0,0,-0.468022784,-1.20390063,0,0,0,0,0,0,0,0,0,0,0,0,0,0,0,0,0,0,0,0,0,0
96,./dataset_resized/leak/real_augment/QNL_2019.05.17_5_h_6,2019.05.17,15:36:46,leak,1VA_3VA,0.607307816,1.823931053,6.330453538,55.50334412,-0.010485001,-0.408453679,-0.301403445,0.147719915,-0.023252909,-1.031482864,-7.475752817,68.70443966,0.003817288,1.262121083,0.017674846,-0.216286113,-0.027380995,2.716473581,-0.014142998,1.339794406,0.728191905,1.253281291,-0.180722791,1.295638568,-0.843847511,-0.017990844,-0.619522938,-0.220810779,-0.860069778,-0.863088409,-1.276175352,0.058020031,0,0,0,0,0,0,0,0,0,0,0,0,0,0,0,0,0,0,0,0,0,0,0,0,0,0,0,0
97,./dataset_resized/leak/real_augment/QNL_2019.05.17_5_h_7,2019.05.17,15:36:46,leak,1VA_3VA,-0.090052206,0.46905288,5.947956489,56.01148675,0.062992201,-0.331831887,-0.285610945,0.35489148,4.485571418,24.50199503,-5.953831214,55.0684298,-4.481088341,20.81121619,-0.557954456,1.417898647,0.1739217,2.020603351,0.326387146,4.118977217,0.755826176,3.153345444,0.491083034,3.057593042,0.377713858,1.53462774,-0.993176177,1.577852792,-0.052414421,-0.460127994,-1.754631559,1.501341179,-1.559177994,0.908842301,0.450691643,-1.327427121,1.144830324,-0.269501,0,0,0,0,0,0,0,0,0,0,0,0,0,0,0,0,0,0,0,0,0,0
98,./dataset_resized/leak/real_augment/QNL_2019.05.17_5_h_8,2019.05.17,15:36:46,leak,1VA_3VA,0.033732593,0.535532616,6.268338194,56.85329735,0.022496763,-0.780444397,-2.744006805,21.79430716,-0.019114291,0.421203099,-6.924217632,77.54442411,-1.333824014,7.926793465,-0.592100323,2.29661017,2.684154808,8.163649812,0.33880361,3.594530951,-2.275080417,3.532428056,-0.304586731,4.087171143,1.771213625,1.496949154,-1.092457341,2.246657423,-0.59990976,0.341126411,-1.843696765,1.91304615,-0.015425524,-1.546529912,0.817363624,-0.906216416,0,0,0,0,0,0,0,0,0,0,0,0,0,0,0,0,0,0,0,0,0,0,0,0
99,./dataset_resized/leak/real_augment/QNL_2019.05.17_5_h_9,2019.05.17,15:36:46,leak,1VA_3VA,0.130152041,0.104600891,0.17509537,0.369733884,-0.113443246,-0.038575414,-0.024901105,-0.48925148,-0.041302995,-0.107562161,-0.105405499,1.194255611,-0.447539209,7.938855559,-0.060289516,0.908071204,2.56871741,11.18966483,-1.044812027,12.53177459,-1.518563139,4.960418019,2.881632958,12.58746855,-2.949100849,7.526391458,-0.304041902,2.051713855,-0.559598717,-1.363268096,-2.99830803,7.700291751,-0.323160635,-1.448047922,1.837442867,2.052302756,0,0,0.029309506,-1.309731762,0,0,0,0,0,0,0,0,0,0,0,0,0,0,0,0,0,0,0,0
100,./dataset_resized/leak/real_augment/QNL_2019.06.19_1_v_0,2019.06.19,15:15:34,leak,1VA_3VA,-0.013039667,-0.543629533,0.007936011,-0.441428736,-0.022599694,0.371547226,0.050649732,0.431649324,-0.151914809,0.92033186,0.00996591,0.367559487,-6.924936319,52.62796746,0.015294837,0.827303092,-0.12029334,-0.641591516,-0.03236383,2.502731454,-0.858419769,4.958849304,2.58239285,16.57807738,-2.67413532,8.938628541,-0.364817061,2.034911494,-1.535533083,2.706796046,-3.737384359,13.6281509,0.213051336,-1.404425205,-0.235438258,-0.561321847,0,0,0.144663276,-1.169986671,0,0,0,0,0,0,0,0,0,0,0,0,0,0,0,0,0,0,0,0
101,./dataset_resized/leak/real_augment/QNL_2019.06.19_1_v_1,2019.06.19,15:15:34,leak,1VA_3VA,-0.013040824,-0.543625292,0.007935891,-0.441428694,-0.022603235,0.371532263,0.050649737,0.431648947,-0.151927148,0.920399155,0.009967407,0.367559011,-6.924963762,52.62818297,0.01530672,0.827365978,-0.120300834,-0.641614548,-0.03229882,2.502412306,-0.858745897,4.958833785,2.582826074,16.5806107,-2.671897593,8.928617923,-0.364230093,2.042887201,-1.520314911,2.656505492,-3.736034625,13.61868353,0.193774581,-1.403825978,-0.223733448,-0.586193399,0,0,0.12322904,-1.187184997,0,0,0,0,0,0,0,0,0,0,0,0,0,0,0,0,0,0,0,0
102,./dataset_resized/leak/real_augment/QNL_2019.06.19_1_v_2,2019.06.19,15:15:34,leak,1VA_3VA,-0.013042236,-0.543620119,0.007935745,-0.441428642,-0.022607552,0.371514017,0.050630067,0.431194163,-0.151942197,0.920481233,0.009682512,0.370860501,-6.924997224,52.62844577,0.01396546,0.820171193,-0.120306361,-0.641657679,-0.031638742,2.487826157,-0.858613856,4.956855212,2.583414988,16.58484133,-2.67102017,8.924761,-0.365751553,2.040132775,-1.497027111,2.581794183,-3.736884909,13.62578814,0.173060351,-1.402936088,-0.223408919,-0.596397619,0,0,0.104022829,-1.207343073,0,0,0,0,0,0,0,0,0,0,0,0,0,0,0,0,0,0,0,0
103,./dataset_resized/leak/real_augment/QNL_2019.06.19_1_v_3,2019.06.19,15:15:34,leak,1VA_3VA,-0.013043995,-0.543613671,0.007935562,-0.441428578,-0.022612933,0.371491275,0.050630075,0.431193589,-0.151960959,0.920583564,0.009684789,0.370859762,-6.987426641,53.22351915,0.013967107,0.82018014,-0.107478844,-0.554527589,-0.031638185,2.487704522,-1.063488453,4.927416082,2.583966556,16.58807973,-2.079796021,7.000513896,-0.383324492,2.025105025,-0.182464951,-0.361791758,-3.718615379,13.52417979,-1.718656001,2.234202332,-0.212065345,-0.641397416,0.094877882,-1.400354117,0.068102883,-1.228879375,0,0,0,0,0,0,0,0,0,0,0,0,0,0,0,0,0,0,0,0
104,./dataset_resized/leak/real_augment/QNL_2019.06.19_1_v_4,2019.06.19,15:15:34,leak,1VA_3VA,-0.01304625,-0.543605407,0.007935328,-0.441428496,-0.022619827,0.37146214,0.050630086,0.431192855,-0.152064055,0.920710708,0.009687705,0.370858805,-6.987498957,53.22414591,0.013968935,0.820196562,-0.107349238,-0.554157639,-0.031633797,2.487567448,-1.063853831,4.935943976,2.584638753,16.59200854,-2.080992548,7.005330712,-0.384624471,2.024586053,-0.172290709,-0.393658241,-3.717896808,13.5242202,-1.656954052,2.007699951,0.037453462,-0.890392019,0.074834785,-1.409312717,0.130014856,-1.349237787,0,0,0,0,0,0,0,0,0,0,0,0,0,0,0,0,0,0,0,0
105,./dataset_resized/leak/real_augment/QNL_2019.06.19_1_v_5,2019.06.19,15:15:34,leak,1VA_3VA,-0.013049242,-0.543594438,0.007935017,-0.441428386,-0.022632747,0.371400233,0.050626201,0.431340601,-0.152026143,0.920925669,0.009748118,0.370691074,-6.987722291,53.22637269,0.013986489,0.820558952,-0.10765176,-0.553163508,-0.031587949,2.488586863,-1.065412218,4.940583542,2.585763097,16.59829311,-2.081165445,7.005384489,-0.385235415,2.023225361,-0.154659276,-0.430511001,-3.718483753,13.53030872,-1.518391061,1.526913994,0.026130982,-0.926379195,0.042213714,-1.426558572,0.111036365,-1.368998944,0,0,0,0,0,0,0,0,0,0,0,0,0,0,0,0,0,0,0,0
106,./dataset_resized/leak/real_augment/QNL_2019.06.19_1_v_6,2019.06.19,15:15:34,leak,1VA_3VA,-0.013053407,-0.543579172,0.007934584,-0.441428233,-0.022645475,0.371346456,0.050560953,0.431334509,-0.152070555,0.921167978,-0.001763286,0.286790009,-6.960674465,52.96857122,0.152202426,1.138223853,-0.099013603,-0.536362874,3.183108251,16.20567452,-0.98467476,4.467404928,0.515181003,15.80080769,-2.334240813,8.259542299,-0.334215353,3.4207254,-0.156335591,-0.345410256,-3.808625653,13.88432676,-0.242327195,-1.082207128,0.01372347,-1.29649713,0,0,0,0,0,0,0,0,0,0,0,0,0,0,0,0,0,0,0,0,0,0,0,0
107,./dataset_resized/leak/real_augment/QNL_2019.06.19_1_v_7,2019.06.19,15:15:34,leak,1VA_3VA,-0.013059598,-0.543556473,0.00793394,-0.441428005,-0.022655306,0.371121807,0.050560983,0.431332492,-0.152169409,0.921720835,-0.001756553,0.286799649,-6.960848569,52.97002888,0.152156471,1.137881503,-0.098727158,-0.536758194,3.160117865,16.22393069,-0.984105485,4.465451765,0.523171253,15.8834115,-2.350999129,8.337632183,-0.421129364,4.109344478,-0.091158895,-0.53472492,-3.763970761,13.50020991,-0.231929584,-1.184152304,0.192825589,-1.20765045,0,0,0,0,0,0,0,0,0,0,0,0,0,0,0,0,0,0,0,0,0,0,0,0
108,./dataset_resized/leak/real_augment/QNL_2019.06.19_1_v_8,2019.06.19,15:15:34,leak,1VA_3VA,-0.013069774,-0.543519161,0.007932882,-0.441427627,-0.022778299,0.370283218,0.050610372,0.431413283,-0.223223467,1.204312308,-0.001506634,0.286355362,-6.95758651,53.02201695,0.152144171,1.137920898,-0.123847124,-0.47742534,3.184665276,16.30416742,-1.062377677,4.825138023,0.515941367,15.89484516,-2.075659509,6.815704504,-0.409873857,3.960704272,0.057515744,-0.941448405,-3.775334491,13.61700326,-0.112082556,-1.427321193,0.078544399,-1.307393739,0,0,0,0,0,0,0,0,0,0,0,0,0,0,0,0,0,0,0,0,0,0,0,0
109,./dataset_resized/leak/real_augment/QNL_2019.06.19_1_v_9,2019.06.19,15:15:34,leak,1VA_3VA,-0.0130896,-0.543446431,0.007930815,-0.441426882,-0.022838738,0.370028076,0.050610465,0.431406824,-0.152578215,0.922563538,-0.00043513,0.336056124,-6.927019875,52.64759452,0.016572525,0.949096372,-0.131188333,-0.62404297,0.012583168,2.468829339,-0.866268918,4.979751702,2.025208688,13.56231838,-0.117230942,-0.91416375,-0.357251904,1.843316241,-2.816263352,7.684429871,-3.766360675,13.69667603,0.058224195,-1.33074425,-0.001742529,-1.149327323,0,0,0,0,0,0,0,0,0,0,0,0,0,0,0,0,0,0,0,0,0,0,0,0
110,./dataset_resized/leak/real_augment/QNL_2019.06.19_1_h_0,2019.06.19,15:15:34,leak,1VA_3VA,0.255294202,2.049681952,0.300207558,2.171677242,-0.033848993,-0.20228049,0.069763385,0.670979169,-0.047199224,-0.38966978,-0.491094684,1.149765453,0.056175563,-0.320930975,0.258075239,0.04650467,0.038700267,-0.65824533,0.240822342,1.080170659,-0.368339015,0.785383467,-0.674716746,-0.972481689,-0.956854369,0.443245944,-0.084731927,-1.760709834,-0.642012231,-1.172392499,0,0,0,0,0,0,0,0,0,0,0,0,0,0,0,0,0,0,0,0,0,0,0,0,0,0,0,0,0,0
111,./dataset_resized/leak/real_augment/QNL_2019.06.19_1_h_1,2019.06.19,15:15:34,leak,1VA_3VA,0.178019351,2.135233729,0.254118153,1.861240078,-0.01950566,-0.232863388,-0.018076581,1.020012692,-0.046862526,-0.528279689,-0.11806768,0.185403841,0.729529652,1.697476106,0.037908132,0.119059767,0.042651295,-0.624740291,0.13321348,0.765706555,-0.282826716,1.887427287,-0.279544398,-0.934623303,-1.506506538,0.727944906,-0.24435799,-1.705796309,0.119947391,-1.352323093,0,0,0,0,0,0,0,0,0,0,0,0,0,0,0,0,0,0,0,0,0,0,0,0,0,0,0,0,0,0
112,./dataset_resized/leak/real_augment/QNL_2019.06.19_1_h_2,2019.06.19,15:15:34,leak,1VA_3VA,-0.032133534,1.538529124,0.198069231,1.587339353,-0.12508835,0.052885933,0.031941199,0.507664453,-0.040723728,-0.04020473,0.048516662,0.509451228,0.081794373,-0.153048492,-0.108869528,-0.168525623,-2.314913255,3.766237243,0.243799184,1.279573728,-0.252929318,0.521010492,-0.136832696,-0.54120568,-1.164347807,-0.217622198,-0.40653797,-1.594954997,0,0,0,0,0,0,0,0,0,0,0,0,0,0,0,0,0,0,0,0,0,0,0,0,0,0,0,0,0,0,0,0
113,./dataset_resized/leak/real_augment/QNL_2019.06.19_1_h_3,2019.06.19,15:15:34,leak,1VA_3VA,0.105933407,1.641353825,0.137699468,1.460664859,0.079586272,-0.216832578,-0.043557165,0.836972959,0.06938675,-0.016815936,-0.058679074,0.458876435,-0.116436349,-0.29990948,0.311696777,0.807297991,1.00943675,2.060651629,0.061127944,1.008642932,-0.205228203,1.352655641,0.017469668,-0.80967646,-1.973040413,2.472341956,0.071431082,-1.335676303,0,0,-0.381107183,-1.371516641,0,0,0,0,0,0,0,0,0,0,0,0,0,0,0,0,0,0,0,0,0,0,0,0,0,0,0,0
114,./dataset_resized/leak/real_augment/QNL_2019.06.19_1_h_4,2019.06.19,15:15:34,leak,1VA_3VA,0.126527742,1.704229829,0.171662142,1.770396609,-0.169224599,0.031950287,0.024677987,0.42643953,-0.043173688,-0.229339475,0.008253917,0.885309963,-2.628270748,5.756431462,0.04343604,0.639569943,0.034499556,-1.062768166,-0.03836491,1.623242002,-2.662391267,6.466718744,-0.01669982,-0.573329256,-1.187098647,-0.118309043,-0.04982345,-0.695054483,0,0,-0.790394598,-0.968135358,0,0,0,0,0,0,0,0,0,0,0,0,0,0,0,0,0,0,0,0,0,0,0,0,0,0,0,0
115,./dataset_resized/leak/real_augment/QNL_2019.06.19_1_h_5,2019.06.19,15:15:34,leak,1VA_3VA,-0.002765566,1.934589975,0.11898852,1.021790963,-0.035717438,0.094776839,-0.256405145,1.570094136,0.502706606,1.126610513,-1.918489456,12.10386277,1.005000784,3.000060323,0.084251355,-0.235992622,0.054130455,-0.784172955,0.194044144,-0.716255919,-0.160044608,3.323422831,0.053932879,-0.166317636,-2.493751354,4.908830026,0.112664311,0.447130558,0.071513645,-1.480837541,-0.562208537,-0.86712284,-0.326665815,-0.584025902,-0.19592027,-1.489505088,0,0,0,0,0,0,0,0,0,0,0,0,0,0,0,0,0,0,0,0,0,0,0,0
116,./dataset_resized/leak/real_augment/QNL_2019.06.19_1_h_6,2019.06.19,15:15:34,leak,1VA_3VA,0.015635569,1.668623587,0.13578273,1.171478157,-0.305466542,0.949030598,-0.295970439,0.922079618,-0.01377786,0.171946721,0.073812654,0.944454597,0.035555527,0.058419053,-0.014430041,0.366791771,0.117414576,0.371333588,0.062605107,-0.046958297,-0.717178815,1.126486714,0.059210161,0.434842113,-3.603104324,12.16302966,0.156976351,1.089557861,-0.314531557,-0.551472475,1.989846132,3.719900425,-1.133186593,0.425834727,-1.378683696,0.324485153,0,0,0,0,0,0,0,0,0,0,0,0,0,0,0,0,0,0,0,0,0,0,0,0
117,./dataset_resized/leak/real_augment/QNL_2019.06.19_1_h_7,2019.06.19,15:15:34,leak,1VA_3VA,0.050591217,1.457902871,-0.334495392,3.620323726,-0.021745464,0.233340253,-0.041160052,0.925305746,0.15658033,0.342872008,0.05006596,0.162875034,-3.546284666,12.53697612,0.103642964,-0.061243823,-0.568732843,0.097166593,0.086448248,2.117143775,-3.468490061,12.85551262,0.315088325,0.725908183,-0.412843407,0.378742473,-0.048017753,0.379740544,-1.970420356,2.440650609,-1.624615893,1.106809208,0.101622163,-1.554278575,0,0,0,0,0,0,0,0,0,0,0,0,0,0,0,0,0,0,0,0,0,0,0,0,0,0
118,./dataset_resized/leak/real_augment/QNL_2019.06.19_1_h_8,2019.06.19,15:15:34,leak,1VA_3VA,-0.059084092,0.726340357,0.056132576,0.41570906,-0.04618815,0.333342206,0.011281914,1.152106376,0.015802721,-0.10301142,-0.025058564,-0.061790285,0.165352402,0.162391457,0.466909389,1.26098157,-0.68820494,8.329839574,-0.125622248,2.221547046,-3.533091617,11.48100315,-1.098958278,6.093263901,0.007070641,-1.227104827,-2.072970041,2.645267806,-0.475957524,-0.889329656,0.472863009,-1.204121168,0,0,-0.473588715,-1.365866872,0,0,0,0,0,0,0,0,0,0,0,0,0,0,0,0,0,0,0,0,0,0,0,0
119,./dataset_resized/leak/real_augment/QNL_2019.06.19_1_h_9,2019.06.19,15:15:34,leak,1VA_3VA,0.04194,0.112673584,-0.086475698,0.944892854,-0.060167957,0.391787425,0.015746125,0.427941173,0.055949856,0.132535635,-0.007842056,-0.057983024,0.32686658,0.998921467,-0.165740151,1.688350282,-1.896067141,12.8474429,0.955845998,4.114356785,-4.685790008,22.42805608,0.289028268,4.025915095,-1.293172107,1.899880937,0.355626354,-0.090521963,-0.238832271,-0.383397397,-2.361353373,4.426340919,0.081925919,-1.394842692,0.478614442,-1.406146991,0,0,0,0,0,0,0,0,0,0,0,0,0,0,0,0,0,0,0,0,0,0,0,0
